root_category-name,root_category-kanji,root_category-furigana,en-root_category_translation,fr-root_category_translation,main_category-name,main_category-kanji,main_category-furigana,en-main_category_translation,fr-main_category_translation,subcategory-name,subcategory-kanji,subcategory-furigana,en-subcategory-translation,fr-subcategory-translation,technique_name,technique,en-description,fr-description,fr-1-dan,fr-2-dan,fr-3-dan,kanji,furigana,en-translation,fr-translation,video,picture,tutorial,steps
nage-waza,投技,なげわざ,throw-technique,projection-technique,tachi-waza,立技,たちわざ,stand_up-technique,debout-technique,koshi-waza,腰技,こしわざ,hip-technique,hanche-technique,hane-goshi,hane-goshi,Spring hip throw,Percussion de hanche,hane-goshi,hane-goshi,hane-goshi,跳腰,はねごし,jerk-hip,percussion-hanche,https://youtu.be/M9_7De6A1kk,https://www.judo-ch.jp/english/dictionary/technique/nage/kosi/hane/image/img01.gif,https://www.judo-ch.jp/english/dictionary/technique/nage/kosi/hane/,
nage-waza,投技,なげわざ,throw-technique,projection-technique,tachi-waza,立技,たちわざ,stand_up-technique,debout-technique,koshi-waza,腰技,こしわざ,hip-technique,hanche-technique,harai-goshi,harai-goshi,Sweeping hip throw,Balayage de hanche,harai-goshi,harai-goshi,harai-goshi,払腰,はらいごし,-hip,-hanche,https://youtu.be/qTo8HlAAkOo,https://www.judo-ch.jp/english/dictionary/technique/nage/kosi/harai/image/img01.gif,https://www.judo-ch.jp/english/dictionary/technique/nage/kosi/harai/,
nage-waza,投技,なげわざ,throw-technique,projection-technique,tachi-waza,立技,たちわざ,stand_up-technique,debout-technique,koshi-waza,腰技,こしわざ,hip-technique,hanche-technique,koshi-guruma,koshi-guruma,Hip wheel,Roue autour de la hanche,koshi-guruma,koshi-guruma,koshi-guruma,腰車,こしぐるま,hip-wheel,hanche-roue,https://youtu.be/SU7Id6uVJ44,https://www.judo-ch.jp/english/dictionary/technique/nage/kosi/kosiguruma/image/img01.gif,https://www.judo-ch.jp/english/dictionary/technique/nage/kosi/kosiguruma/,
nage-waza,投技,なげわざ,throw-technique,projection-technique,tachi-waza,立技,たちわざ,stand_up-technique,debout-technique,koshi-waza,腰技,こしわざ,hip-technique,hanche-technique,o-goshi,o-goshi,Full hip throw,grande bascule de hanche,o-goshi,o-goshi,o-goshi,大腰,おおごし,big-hip,grand-hanche,https://youtu.be/yhu1mfy2vJ4,https://www.judo-ch.jp/english/dictionary/technique/nage/kosi/oogosi/image/img01.gif,https://www.judo-ch.jp/english/dictionary/technique/nage/kosi/oogosi/,
nage-waza,投技,なげわざ,throw-technique,projection-technique,tachi-waza,立技,たちわざ,stand_up-technique,debout-technique,koshi-waza,腰技,こしわざ,hip-technique,hanche-technique,sode-tsurikomi-goshi,sode-tsurikomi-goshi,Sleeve lifting-and-pulling hip throw,Technique de hanche en pêchant avec la manche,sode-tsurikomi-goshi,sode-tsurikomi-goshi,sode-tsurikomi-goshi,袖釣込腰,,sleeve-fishing-hip,manche-pêcher-hanche,https://www.youtube.com/watch?v=QsmAxpmYLOI,https://www.judo-ch.jp/english/dictionary/technique/nage/kosi/sodeturikomi/image/img01.gif,https://www.judo-ch.jp/english/dictionary/technique/nage/kosi/sodeturikomi/,
nage-waza,投技,なげわざ,throw-technique,projection-technique,tachi-waza,立技,たちわざ,stand_up-technique,debout-technique,koshi-waza,腰技,こしわざ,hip-technique,hanche-technique,tsuri-goshi,tsuri-goshi,Lifting hip throw,Hanche pêchée,,tsuri-goshi,tsuri-goshi,釣腰,つりごし,fish-hip,pêcher-hanche,https://www.youtube.com/watch?v=51Htlp7xEvE,https://www.judo-ch.jp/english/dictionary/technique/nage/kosi/turi/image/img01.gif,https://www.judo-ch.jp/english/dictionary/technique/nage/kosi/turi/,
nage-waza,投技,なげわざ,throw-technique,projection-technique,tachi-waza,立技,たちわざ,stand_up-technique,debout-technique,koshi-waza,腰技,こしわざ,hip-technique,hanche-technique,tsurikomi-goshi,tsurikomi-goshi,Lifting-and-pulling hip throw,Technique de hanche en pêchant,tsurikomi-goshi,tsurikomi-goshi,tsurikomi-goshi,釣込腰,つりこみごし,fish-include-hip,pécher-incluant-hanche,https://youtu.be/51Htlp7xEvE,https://www.judo-ch.jp/english/dictionary/technique/nage/kosi/turikomi/image/img01.gif,https://www.judo-ch.jp/english/dictionary/technique/nage/kosi/turikomi/,
nage-waza,投技,なげわざ,throw-technique,projection-technique,tachi-waza,立技,たちわざ,stand_up-technique,debout-technique,koshi-waza,腰技,こしわざ,hip-technique,hanche-technique,uchi-mata,uchi-mata,hips version of  Inner-thigh,Fauchage de l’intérieur des cuisses (forme hanche),uchi-mata,uchi-mata,uchi-mata,内股,うちまた,inside-thigh,interieur-cuisse,https://youtu.be/0Q80pgrZYVk?si=vFlt07awBsFbC_OB&t=140,,,
nage-waza,投技,なげわざ,throw-technique,projection-technique,tachi-waza,立技,たちわざ,stand_up-technique,debout-technique,koshi-waza,腰技,こしわざ,hip-technique,hanche-technique,uki-goshi,uki-goshi,Floating hip throw,Hanche flottante,uki-goshi,uki-goshi,uki-goshi,浮腰,うきごし,floating-hip,flottante-hanche,https://www.youtube.com/watch?v=bPKwtB4lyOQ,https://www.judo-ch.jp/english/dictionary/technique/nage/kosi/uki/image/img01.gif,https://www.judo-ch.jp/english/dictionary/technique/nage/kosi/uki/,
nage-waza,投技,なげわざ,throw-technique,projection-technique,tachi-waza,立技,たちわざ,stand_up-technique,debout-technique,koshi-waza,腰技,こしわざ,hip-technique,hanche-technique,ushiro-goshi,ushiro-goshi,Rear hip throw,Hanche arrière,ushiro-goshi,ushiro-goshi,ushiro-goshi,後腰,うしろごし,back-hip,dos-hanche,https://youtu.be/ORIYstuxYT8,https://www.judo-ch.jp/english/dictionary/technique/nage/kosi/usiro/image/img01.gif,https://www.judo-ch.jp/english/dictionary/technique/nage/kosi/usiro/,
nage-waza,投技,なげわざ,throw-technique,projection-technique,tachi-waza,立技,たちわざ,stand_up-technique,debout-technique,koshi-waza,腰技,こしわざ,hip-technique,hanche-technique,utsuri-goshi,utsuri-goshi,Shifting hip throw,Hanche déplacée,utsuri-goshi,utsuri-goshi,utsuri-goshi,移腰,うつりごし,pass_into-hip,passer_dans-hanche,https://youtu.be/4pQd_bEnlf0,https://www.judo-ch.jp/english/dictionary/technique/nage/kosi/uturi/image/img01.gif,https://www.judo-ch.jp/english/dictionary/technique/nage/kosi/uturi/,
nage-waza,投技,なげわざ,throw-technique,projection-technique,tachi-waza,立技,たちわざ,stand_up-technique,debout-technique,koshi-waza,腰技,こしわざ,hip-technique,hanche-technique,kubi-nage,kubi-nage,Neck throw. The Kodokan officially also refers to this thechnique as Koshi guruma.,Projection par le cou,kubi-nage,kubi-nage,kubi-nage,首投,くびなげ,neck-throw,cou-projection,https://www.youtube.com/watch?v=F-4fyNwx52w&t=6s,https://judo-lemanique.ch/wp-content/uploads/2021/04/Kubi-Nage.png,,
nage-waza,投技,なげわざ,throw-technique,projection-technique,tachi-waza,立技,たちわざ,stand_up-technique,debout-technique,te-waza,手技,てわざ,hand-technique,main-technique,ippon-seoi-nage,ippon-seoi-nage,Single-handed shoulder,Projection en chargeant sur le dos en un point,ippon-seoi-nage,ippon-seoi-nage,ippon-seoi-nage,一本背負投,いっぽんせおいな,one_long_cylindrical_thing-back-bear-throw,une_chose_longue_cylindrique-dos-porter-projeter,https://youtu.be/FQnOlCxo4oI,https://www.judo-ch.jp/english/dictionary/technique/nage/te/ipponseoi/image/img01.gif,https://www.judo-ch.jp/english/dictionary/technique/nage/te/ipponseoi/,
nage-waza,投技,なげわざ,throw-technique,projection-technique,tachi-waza,立技,たちわざ,stand_up-technique,debout-technique,te-waza,手技,てわざ,hand-technique,main-technique,kata-guruma,kata-guruma,Shoulder wheel,Roue autour des épaules,kata-guruma,kata-guruma,kata-guruma,肩車,かたぐるま,shoulder-wheel,epaule-roue,https://youtu.be/cnHRhSy8yi4,https://www.judo-ch.jp/english/dictionary/technique/nage/te/kataguruma/image/img01.gif,https://www.judo-ch.jp/english/dictionary/technique/nage/te/kataguruma/,
nage-waza,投技,なげわざ,throw-technique,projection-technique,tachi-waza,立技,たちわざ,stand_up-technique,debout-technique,te-waza,手技,てわざ,hand-technique,main-technique,kibisu-gaeshi,kibisu-gaeshi,One-hand reversal,Ramassage de la cheville,kibisu-gaeshi,kibisu-gaeshi,kibisu-gaeshi,踵返,きびすがえし,heel-return,talon-retournement,https://youtu.be/tJylJYfBliA,https://www.judo-ch.jp/english/dictionary/technique/nage/te/kibisugaesi/image/img01.gif,https://www.judo-ch.jp/english/dictionary/technique/nage/te/kibisugaesi/,
nage-waza,投技,なげわざ,throw-technique,projection-technique,tachi-waza,立技,たちわざ,stand_up-technique,debout-technique,te-waza,手技,てわざ,hand-technique,main-technique,kuchiki-daoshi,kuchiki-daoshi,Single leg takedown,Renverser l’arbre mort,kuchiki-taoshi,kuchiki-taoshi,kuchiki-taoshi,朽木倒,くちきたおし,,,https://youtu.be/ZNL47q1aJNY,https://www.judo-ch.jp/english/dictionary/technique/nage/te/kutikitaosi/image/img01.gif,https://www.judo-ch.jp/english/dictionary/technique/nage/te/kutikitaosi/,
nage-waza,投技,なげわざ,throw-technique,projection-technique,tachi-waza,立技,たちわざ,stand_up-technique,debout-technique,te-waza,手技,てわざ,hand-technique,main-technique,morote-gari,morote-gari,Two-hand reap,Fauchage à deux mains,morote-gari,morote-gari,morote-gari,双手刈,もろてがり,,,https://youtu.be/BHLQS4K85bs,https://www.judo-ch.jp/english/dictionary/technique/nage/te/morotegari/image/img01.gif,https://www.judo-ch.jp/english/dictionary/technique/nage/te/morotegari/,
nage-waza,投技,なげわざ,throw-technique,projection-technique,tachi-waza,立技,たちわざ,stand_up-technique,debout-technique,te-waza,手技,てわざ,hand-technique,main-technique,obi-otoshi,obi-otoshi,Belt drop,Renverssement par la ceinture,,,,帯落,おびおとし,,,https://youtu.be/ff8U2TVZIYI,https://www.judo-ch.jp/english/dictionary/technique/nage/te/obiotosi/image/img01.gif,https://www.judo-ch.jp/english/dictionary/technique/nage/te/obiotosi/,
nage-waza,投技,なげわざ,throw-technique,projection-technique,tachi-waza,立技,たちわざ,stand_up-technique,debout-technique,te-waza,手技,てわざ,hand-technique,main-technique,obitori-gaeshi,obi-tori-gaeshi,Belt fetch return,Contre en saisissant la ceinture,,,,帯取返,おびとりがえし,,,https://youtu.be/bpc82SrunUU,,,
nage-waza,投技,なげわざ,throw-technique,projection-technique,tachi-waza,立技,たちわざ,stand_up-technique,debout-technique,te-waza,手技,てわざ,hand-technique,main-technique,morote-seoi-nage,morote-seoi-nage,Shoulder throw,,morote-seoi-nage,morote-seoi-nage,morote-seoi-nage,諸手背負投,もろてせおいなげ,,,https://youtu.be/zIq0xI0ogxk,https://www.judo-ch.jp/english/dictionary/technique/nage/te/seoi/image/img01.gif,https://www.judo-ch.jp/english/dictionary/technique/nage/te/seoi/,
nage-waza,投技,なげわざ,throw-technique,projection-technique,tachi-waza,立技,たちわざ,stand_up-technique,debout-technique,te-waza,手技,てわざ,hand-technique,main-technique,seoi-otoshi,seoi-otoshi,Shoulder drop,Renverssement par l'épaule,seoi-otoshi,seoi-otoshi,seoi-otoshi,背負落,せおいおとし,,,https://youtu.be/vu1TMVNnq34,https://www.judo-ch.jp/english/dictionary/technique/nage/te/seoiotosi/image/img01.gif,https://www.judo-ch.jp/english/dictionary/technique/nage/te/seoiotosi/,
nage-waza,投技,なげわざ,throw-technique,projection-technique,tachi-waza,立技,たちわざ,stand_up-technique,debout-technique,te-waza,手技,てわざ,hand-technique,main-technique,,sukui-nage,Scoop throw,projection en cuillère,,,sukui-nage,掬投,すくいなげ,,,https://youtu.be/vU6aJ2kFxoI,https://www.judo-ch.jp/english/dictionary/technique/nage/te/sukui/image/img01.gif,https://www.judo-ch.jp/english/dictionary/technique/nage/te/sukui/,
nage-waza,投技,なげわざ,throw-technique,projection-technique,tachi-waza,立技,たちわざ,stand_up-technique,debout-technique,te-waza,手技,てわざ,hand-technique,main-technique,sumi-otoshi,sumi-otoshi,Corner drop,,,sumi-otoshi,sumi-otoshi,隅落,すみおとし,,,https://youtu.be/lLU9wv52ni0,https://www.judo-ch.jp/english/dictionary/technique/nage/te/sumiotosi/image/img01.gif,https://www.judo-ch.jp/english/dictionary/technique/nage/te/sumiotosi/,
nage-waza,投技,なげわざ,throw-technique,projection-technique,tachi-waza,立技,たちわざ,stand_up-technique,debout-technique,te-waza,手技,てわざ,hand-technique,main-technique,tai-otoshi,tai-otoshi,Body drop,,tai-otoshi,tai-otoshi,tai-otoshi,体落,たいおとし,,,https://youtu.be/4x6S3Q-Ktv8,https://www.judo-ch.jp/english/dictionary/technique/nage/te/taiotosi/image/img01.gif,https://www.judo-ch.jp/english/dictionary/technique/nage/te/taiotosi/,
nage-waza,投技,なげわざ,throw-technique,projection-technique,tachi-waza,立技,たちわざ,stand_up-technique,debout-technique,te-waza,手技,てわざ,hand-technique,main-technique,te-guruma,te-guruma,Hand wheel. The Kodokan officially also refers to this technique as Sukui nage.,,te-guruma,te-guruma,te-guruma,手車,てぐるま,,,,,,
nage-waza,投技,なげわざ,throw-technique,projection-technique,tachi-waza,立技,たちわざ,stand_up-technique,debout-technique,te-waza,手技,てわざ,hand-technique,main-technique,uchi-mata-sukashi,uchi-mata-sukashi,Inner thigh void throw,,,,uchi-mata-sukashi,内股すかし,うちまたすかし,,,https://youtu.be/V-RS3uhtVWM,https://www.judo-ch.jp/english/dictionary/technique/nage/te/utimatasukasi/image/img01.gif,https://www.judo-ch.jp/english/dictionary/technique/nage/te/utimatasukasi/,
nage-waza,投技,なげわざ,throw-technique,projection-technique,tachi-waza,立技,たちわざ,stand_up-technique,debout-technique,te-waza,手技,てわざ,hand-technique,main-technique,uki-otoshi,uki-otoshi,Floating drop,,uki-otoshi,uki-otoshi,uki-otoshi,浮落,うきおと,,,https://youtu.be/6H5tmncOY4Q,https://www.judo-ch.jp/english/dictionary/technique/nage/te/ukiotosi/image/img01.gif,https://www.judo-ch.jp/english/dictionary/technique/nage/te/ukiotosi/,
nage-waza,投技,なげわざ,throw-technique,projection-technique,tachi-waza,立技,たちわざ,stand_up-technique,debout-technique,te-waza,手技,てわざ,hand-technique,main-technique,yama-arashi,yama-arashi,Mountain storm,,,,yama-arashi,山嵐,やまあらし,,,https://youtu.be/MGlyKmSuzdc,https://www.judo-ch.jp/english/dictionary/technique/nage/te/yamaarasi/image/img01.gif,https://www.judo-ch.jp/english/dictionary/technique/nage/te/yamaarasi/,
nage-waza,投技,なげわざ,throw-technique,projection-technique,tachi-waza,立技,たちわざ,stand_up-technique,debout-technique,te-waza,手技,てわざ,hand-technique,main-technique,eri-seoi-nage,eri-seoi-nage,,,eri-seoi-nage,eri-seoi-nage,eri-seoi-nage,襟背負投,えりせおいなげ,,,,https://upload.wikimedia.org/wikipedia/commons/thumb/b/b0/Eri-seoi-nage.jpg/220px-Eri-seoi-nage.jpg,,
nage-waza,投技,なげわざ,throw-technique,projection-technique,tachi-waza,立技,たちわざ,stand_up-technique,debout-technique,ashi-waza,足技,あしわざ,leg-technique,jambe-technique,ashi-guruma,ashi-guruma,,,ashi-guruma,ashi-guruma,ashi-guruma,足車,あしぐるま,,,https://youtu.be/ROeayhvom9U,https://www.judo-ch.jp/english/dictionary/technique/nage/asi/asiguruma/image/img01.gif,https://www.judo-ch.jp/english/dictionary/technique/nage/asi/asiguruma/,
nage-waza,投技,なげわざ,throw-technique,projection-technique,tachi-waza,立技,たちわざ,stand_up-technique,debout-technique,ashi-waza,足技,あしわざ,leg-technique,jambe-technique,de-ashi-barai (-harai),de-ashi-barai (-harai),,,de-ashi-barai (-harai),de-ashi-barai (-harai),de-ashi-barai (-harai),出足払,であしはらい,,,https://youtu.be/4BUUvqxi_Kk,https://www.judo-ch.jp/english/dictionary/technique/nage/asi/deasiharai/image/img01.gif,https://www.judo-ch.jp/english/dictionary/technique/nage/asi/deasiharai/,
nage-waza,投技,なげわざ,throw-technique,projection-technique,tachi-waza,立技,たちわざ,stand_up-technique,debout-technique,ashi-waza,足技,あしわざ,leg-technique,jambe-technique,hane-goshi-gaeshi,hane-goshi-gaeshi,,,,,,跳腰返,はねごしがえし,,,https://youtu.be/9bZAZSBtnGs,https://www.judo-ch.jp/english/dictionary/technique/nage/asi/hanegosi/image/img01.gif,https://www.judo-ch.jp/english/dictionary/technique/nage/asi/hanegosi/,
nage-waza,投技,なげわざ,throw-technique,projection-technique,tachi-waza,立技,たちわざ,stand_up-technique,debout-technique,ashi-waza,足技,あしわざ,leg-technique,jambe-technique,harai-tsurikomi-ashi,harai-tsurikomi-ashi,,,harai-tsurikomi-ashi,harai-tsurikomi-ashi,harai-tsurikomi-ashi,払釣込足,はらいつりこみあし,,,https://youtu.be/gGPXvWL8VbE,https://www.judo-ch.jp/english/dictionary/technique/nage/asi/haraiturikomi/image/img01.gif,https://www.judo-ch.jp/english/dictionary/technique/nage/asi/haraiturikomi/,
nage-waza,投技,なげわざ,throw-technique,projection-technique,tachi-waza,立技,たちわざ,stand_up-technique,debout-technique,ashi-waza,足技,あしわざ,leg-technique,jambe-technique,hiza-guruma,hiza-guruma,,,hiza-guruma,hiza-guruma,hiza-guruma,膝車,ひざぐるま,,,https://youtu.be/JPJx9-oAVns,https://www.judo-ch.jp/english/dictionary/technique/nage/asi/hizaguruma/image/img01.gif,https://www.judo-ch.jp/english/dictionary/technique/nage/asi/hizaguruma/,
nage-waza,投技,なげわざ,throw-technique,projection-technique,tachi-waza,立技,たちわざ,stand_up-technique,debout-technique,ashi-waza,足技,あしわざ,leg-technique,jambe-technique,ko-soto-gake,ko-soto-gake,,,ko-soto-gake,ko-soto-gake,ko-soto-gake,小外掛,こそとがけ,,,https://youtu.be/8b6kY4s4zH4,https://www.judo-ch.jp/english/dictionary/technique/nage/asi/kosotogake/image/img01.gif,https://www.judo-ch.jp/english/dictionary/technique/nage/asi/kosotogake/,
nage-waza,投技,なげわざ,throw-technique,projection-technique,tachi-waza,立技,たちわざ,stand_up-technique,debout-technique,ashi-waza,足技,あしわざ,leg-technique,jambe-technique,ko-soto-gari,ko-soto-gari,,,ko-soto-gari,ko-soto-gari,ko-soto-gari,小外刈,こそとがり,,,https://youtu.be/jeQ541ScLB4,https://www.judo-ch.jp/english/dictionary/technique/nage/asi/kosotogari/image/img01.gif,https://www.judo-ch.jp/english/dictionary/technique/nage/asi/kosotogari/,
nage-waza,投技,なげわざ,throw-technique,projection-technique,tachi-waza,立技,たちわざ,stand_up-technique,debout-technique,ashi-waza,足技,あしわざ,leg-technique,jambe-technique,ko-uchi-gaeshi,ko-uchi-gaeshi,,,,,,小内返,こうちがえし,,,https://youtu.be/_MWAdYi_LC4,,,
nage-waza,投技,なげわざ,throw-technique,projection-technique,tachi-waza,立技,たちわざ,stand_up-technique,debout-technique,ashi-waza,足技,あしわざ,leg-technique,jambe-technique,ko-uchi-gari,ko-uchi-gari,,,ko-uchi-gari,ko-uchi-gari,ko-uchi-gari,小内刈,こうちがり,,,https://youtu.be/3Jb3tZvr9Ng,https://www.judo-ch.jp/english/dictionary/technique/nage/asi/koutigari/image/img01.gif,https://www.judo-ch.jp/english/dictionary/technique/nage/asi/koutigari/,
nage-waza,投技,なげわざ,throw-technique,projection-technique,tachi-waza,立技,たちわざ,stand_up-technique,debout-technique,ashi-waza,足技,あしわざ,leg-technique,jambe-technique,o-guruma,o-guruma,,,,o-guruma,o-guruma,大車,おおぐるま,,,https://youtu.be/SnZciTAY9vc,https://www.judo-ch.jp/english/dictionary/technique/nage/asi/ooguruma/image/img01.gif,https://www.judo-ch.jp/english/dictionary/technique/nage/asi/ooguruma/,
nage-waza,投技,なげわざ,throw-technique,projection-technique,tachi-waza,立技,たちわざ,stand_up-technique,debout-technique,ashi-waza,足技,あしわざ,leg-technique,jambe-technique,okuri-ashi-barai (-harai),okuri-ashi-barai (-harai),,,okuri-ashi-barai (-harai),okuri-ashi-barai (-harai),okuri-ashi-barai (-harai),送足払,おくりあしはらい,,,https://youtu.be/nw1ZdRjrdRI,https://www.judo-ch.jp/english/dictionary/technique/nage/asi/okuriasiharai/image/img01.gif,https://www.judo-ch.jp/english/dictionary/technique/nage/asi/okuriasiharai/,
nage-waza,投技,なげわざ,throw-technique,projection-technique,tachi-waza,立技,たちわざ,stand_up-technique,debout-technique,ashi-waza,足技,あしわざ,leg-technique,jambe-technique,o-soto-gaeshi,o-soto-gaeshi,,,,o-soto-gaeshi,o-soto-gaeshi,大外返,おおそとがえし,,,https://youtu.be/8ZjM3X_EANo,https://www.judo-ch.jp/english/dictionary/technique/nage/asi/oosotogaesi/image/img01.gif,https://www.judo-ch.jp/english/dictionary/technique/nage/asi/oosotogaesi/,
nage-waza,投技,なげわざ,throw-technique,projection-technique,tachi-waza,立技,たちわざ,stand_up-technique,debout-technique,ashi-waza,足技,あしわざ,leg-technique,jambe-technique,o-soto-gari,o-soto-gari,,,o-soto-gari,o-soto-gari,o-soto-gari,大外刈,おおそとがり,,,https://www.youtube.com/watch?v=c-A_nP7mKAc,https://www.judo-ch.jp/english/dictionary/technique/nage/asi/oosotogari/image/img01.gif,https://www.judo-ch.jp/english/dictionary/technique/nage/asi/oosotogari/,
nage-waza,投技,なげわざ,throw-technique,projection-technique,tachi-waza,立技,たちわざ,stand_up-technique,debout-technique,ashi-waza,足技,あしわざ,leg-technique,jambe-technique,o-soto-guruma,o soto-guruma,,,,o-soto-guruma,o-soto-guruma,大外車,おおそとぐるま,,,https://youtu.be/92KbCm6pQeI,https://www.judo-ch.jp/english/dictionary/technique/nage/asi/oosotoguruma/image/img01.gif,https://www.judo-ch.jp/english/dictionary/technique/nage/asi/oosotoguruma/,
nage-waza,投技,なげわざ,throw-technique,projection-technique,tachi-waza,立技,たちわざ,stand_up-technique,debout-technique,ashi-waza,足技,あしわざ,leg-technique,jambe-technique,o-soto-otoshi,o-soto-otoshi,,,o-soto-otoshi,o-soto-otoshi,o-soto-otoshi,大外落,おおそとおとし,,,https://youtu.be/2DsVvDw7b8g,https://www.judo-ch.jp/english/dictionary/technique/nage/asi/oosotootosi/image/img01.gif,https://www.judo-ch.jp/english/dictionary/technique/nage/asi/oosotootosi/,
nage-waza,投技,なげわざ,throw-technique,projection-technique,tachi-waza,立技,たちわざ,stand_up-technique,debout-technique,ashi-waza,足技,あしわざ,leg-technique,jambe-technique,o-uchi-gaeshi,o-uchi-gaeshi,,,,,,大内返,おおうちがえし,,,https://youtu.be/dCyZTXyjIXE,https://www.judo-ch.jp/english/dictionary/technique/nage/asi/ooutigaesi/image/img01.gif,https://www.judo-ch.jp/english/dictionary/technique/nage/asi/ooutigaesi/,
nage-waza,投技,なげわざ,throw-technique,projection-technique,tachi-waza,立技,たちわざ,stand_up-technique,debout-technique,ashi-waza,足技,あしわざ,leg-technique,jambe-technique,o-uchi-gari,o-uchi-gari,,,o-uchi-gari,o-uchi-gari,o-uchi-gari,大内刈,おおうちがり,,,https://youtu.be/0itJFhV9pDQ,https://www.judo-ch.jp/english/dictionary/technique/nage/asi/ooutigari/image/img01.gif,https://www.judo-ch.jp/english/dictionary/technique/nage/asi/ooutigari/,
nage-waza,投技,なげわざ,throw-technique,projection-technique,tachi-waza,立技,たちわざ,stand_up-technique,debout-technique,ashi-waza,足技,あしわざ,leg-technique,jambe-technique,sasae-tsurikomi-ashi,sasae-tsurikomi-ashi,,,sasae-tsurikomi-ashi,sasae-tsurikomi-ashi,sasae-tsurikomi-ashi,支釣込足,ささえつりこみあし,,,https://youtu.be/699i--pvYmE,https://www.judo-ch.jp/english/dictionary/technique/nage/asi/sasaeturikomi/image/img01.gif,https://www.judo-ch.jp/english/dictionary/technique/nage/asi/sasaeturikomi/,
nage-waza,投技,なげわざ,throw-technique,projection-technique,tachi-waza,立技,たちわざ,stand_up-technique,debout-technique,ashi-waza,足技,あしわざ,leg-technique,jambe-technique,tsubame-gaeshi,tsubame-gaeshi,,,,tsubame-gaeshi,tsubame-gaeshi,燕返,つばめがえし,,,https://youtu.be/GwweWqqFB5g,https://www.judo-ch.jp/english/dictionary/technique/nage/asi/tubame/image/img01.gif,https://www.judo-ch.jp/english/dictionary/technique/nage/asi/tubame/,
nage-waza,投技,なげわざ,throw-technique,projection-technique,tachi-waza,立技,たちわざ,stand_up-technique,debout-technique,ashi-waza,足技,あしわざ,leg-technique,jambe-technique,uchi-mata,uchi-mata,leg version of the technique,,uchi-mata,uchi-mata,uchi-mata,内股,うちまた,,,https://youtu.be/iUpSu5J-bgw,https://www.judo-ch.jp/english/dictionary/technique/nage/asi/utimata/image/img01.gif,https://www.judo-ch.jp/english/dictionary/technique/nage/asi/utimata/,
nage-waza,投技,なげわざ,throw-technique,projection-technique,sutemi-waza,捨身技,すてみわざ,sacrifice_body-technique,sacrifice_corps-technique,ma-sutemi-waza,真捨身技,ますてみわざ,true-sacrifice_body-technique,vrai-sacrifice_corps-technique,hikikomi-gaeshi,hikikomi-gaeshi,,,,,,引込返,ひきこみがえし,,,https://youtu.be/92zUYWBp5N8,https://www.judo-ch.jp/english/dictionary/technique/nage/masute/hikikomi/image/img01.gif,https://www.judo-ch.jp/english/dictionary/technique/nage/masute/hikikomi/,
nage-waza,投技,なげわざ,throw-technique,projection-technique,sutemi-waza,捨身技,すてみわざ,sacrifice_body-technique,sacrifice_corps-technique,ma-sutemi-waza,真捨身技,ますてみわざ,true-sacrifice_body-technique,vrai-sacrifice_corps-technique,sumi-gaeshi,sumi-gaeshi,,,sumi-gaeshi,sumi-gaeshi,sumi-gaeshi,隅返,すみがえし,,,https://youtu.be/5VhduA5xkbA,https://www.judo-ch.jp/english/dictionary/technique/nage/masute/sumigaesi/image/img01.gif,https://www.judo-ch.jp/english/dictionary/technique/nage/masute/sumigaesi/,
nage-waza,投技,なげわざ,throw-technique,projection-technique,sutemi-waza,捨身技,すてみわざ,sacrifice_body-technique,sacrifice_corps-technique,ma-sutemi-waza,真捨身技,ますてみわざ,true-sacrifice_body-technique,vrai-sacrifice_corps-technique,tawara-gaeshi,tawara-gaeshi,,,,,tawara-gaeshi,俵返,たわらがえし,,,https://youtu.be/TmTWgrmViZc,https://www.judo-ch.jp/english/dictionary/technique/nage/masute/tawara/image/img01.gif,https://www.judo-ch.jp/english/dictionary/technique/nage/masute/tawara/,
nage-waza,投技,なげわざ,throw-technique,projection-technique,sutemi-waza,捨身技,すてみわざ,sacrifice_body-technique,sacrifice_corps-technique,ma-sutemi-waza,真捨身技,ますてみわざ,true-sacrifice_body-technique,vrai-sacrifice_corps-technique,tomoe-nage,tomoe-nage,,,tomoe-nage,tomoe-nage,tomoe-nage,巴投,ともえなげ,,,https://youtu.be/880WbHvHv6A,https://www.judo-ch.jp/english/dictionary/technique/nage/masute/tomoe/image/img01.gif,https://www.judo-ch.jp/english/dictionary/technique/nage/masute/tomoe/,
nage-waza,投技,なげわざ,throw-technique,projection-technique,sutemi-waza,捨身技,すてみわざ,sacrifice_body-technique,sacrifice_corps-technique,ma-sutemi-waza,真捨身技,ますてみわざ,true-sacrifice_body-technique,vrai-sacrifice_corps-technique,ura-nage,ura-nage ,,,ura-nage,ura-nage,ura-nage,裏投,うらなげ,,,https://youtu.be/Fgi9b8DJ5sQ,https://www.judo-ch.jp/english/dictionary/technique/nage/masute/uranage/image/img01.gif,https://www.judo-ch.jp/english/dictionary/technique/nage/masute/uranage/,
nage-waza,投技,なげわざ,throw-technique,projection-technique,sutemi-waza,捨身技,すてみわざ,sacrifice_body-technique,sacrifice_corps-technique,yoko-sutemi-waza,横捨身技,よこすてみわざ,side-sacrifice_body-technique,coté-sacrifice_corps-technique,daki-wakare,daki-wakare,,,,,daki-wakare,抱分,だきわかれ,,,https://youtu.be/Hr0cOMGBDYo,https://www.judo-ch.jp/english/dictionary/technique/nage/yoko/dakiwakare/image/img01.gif,https://www.judo-ch.jp/english/dictionary/technique/nage/yoko/dakiwakare/,
nage-waza,投技,なげわざ,throw-technique,projection-technique,sutemi-waza,捨身技,すてみわざ,sacrifice_body-technique,sacrifice_corps-technique,yoko-sutemi-waza,横捨身技,よこすてみわざ,side-sacrifice_body-technique,coté-sacrifice_corps-technique,hane-makikomi,hane-makikomi,,,,,,跳巻込,はねまきこみ,,,https://youtu.be/6CRBGLGz9j8,https://www.judo-ch.jp/english/dictionary/technique/nage/yoko/hanemaki/image/img01.gif,https://www.judo-ch.jp/english/dictionary/technique/nage/yoko/hanemaki/,
nage-waza,投技,なげわざ,throw-technique,projection-technique,sutemi-waza,捨身技,すてみわざ,sacrifice_body-technique,sacrifice_corps-technique,yoko-sutemi-waza,横捨身技,よこすてみわざ,side-sacrifice_body-technique,coté-sacrifice_corps-technique,harai-makikomi,harai-makikomi,,,,harai-makikomi,harai-makikomi,払巻込,はらいまきこみ,,,https://youtu.be/VBaHzKaCXss,,,
nage-waza,投技,なげわざ,throw-technique,projection-technique,sutemi-waza,捨身技,すてみわざ,sacrifice_body-technique,sacrifice_corps-technique,yoko-sutemi-waza,横捨身技,よこすてみわざ,side-sacrifice_body-technique,coté-sacrifice_corps-technique,ko-uchi-makikomi,ko-uchi-makikomi,,,,ko-uchi-makikomi,ko-uchi-makikomi,小内巻込,こうちまきこみ,,,https://youtu.be/_1eygIXLD_w,,,
nage-waza,投技,なげわざ,throw-technique,projection-technique,sutemi-waza,捨身技,すてみわざ,sacrifice_body-technique,sacrifice_corps-technique,yoko-sutemi-waza,横捨身技,よこすてみわざ,side-sacrifice_body-technique,coté-sacrifice_corps-technique,osoto-makikomi,osoto-makikomi,,,,,, 大外巻込,おおそとまきこみ,,,https://youtu.be/DGDv2oMwmas,https://www.judo-ch.jp/english/dictionary/technique/nage/yoko/oosotomaki/image/img01.gif,https://www.judo-ch.jp/english/dictionary/technique/nage/yoko/oosotomaki/,
nage-waza,投技,なげわざ,throw-technique,projection-technique,sutemi-waza,捨身技,すてみわざ,sacrifice_body-technique,sacrifice_corps-technique,yoko-sutemi-waza,横捨身技,よこすてみわざ,side-sacrifice_body-technique,coté-sacrifice_corps-technique,soto-makikomi,soto-makikomi,,,soto-makikomi,soto-makikomi,soto-makikomi,外巻込,そとまきこみ,,,https://youtu.be/bWG9O1BVKtQ,https://www.judo-ch.jp/english/dictionary/technique/nage/yoko/sotomaki/image/img01.gif,https://www.judo-ch.jp/english/dictionary/technique/nage/yoko/sotomaki/,
nage-waza,投技,なげわざ,throw-technique,projection-technique,sutemi-waza,捨身技,すてみわざ,sacrifice_body-technique,sacrifice_corps-technique,yoko-sutemi-waza,横捨身技,よこすてみわざ,side-sacrifice_body-technique,coté-sacrifice_corps-technique,tani-otoshi,tani-otoshi,,,tani-otoshi,tani-otoshi,tani-otoshi,谷落,たにおとし,,,https://youtu.be/3b9Me3Fohpk,https://www.judo-ch.jp/english/dictionary/technique/nage/yoko/taniotosi/image/img01.gif,https://www.judo-ch.jp/english/dictionary/technique/nage/yoko/taniotosi/,
nage-waza,投技,なげわざ,throw-technique,projection-technique,sutemi-waza,捨身技,すてみわざ,sacrifice_body-technique,sacrifice_corps-technique,yoko-sutemi-waza,横捨身技,よこすてみわざ,side-sacrifice_body-technique,coté-sacrifice_corps-technique,yoko-tomoe-nage,yoko-tomoe-nage,,,,yoko-tomoe-nage,yoko-tomoe-nage,横巴投,よこともえなげ,,,https://www.youtube.com/watch?v=W8l0iOAqx5E,https://upload.wikimedia.org/wikipedia/commons/thumb/3/3f/Tomoe-nage-illustration.jpg/220px-Tomoe-nage-illustration.jpg,,
nage-waza,投技,なげわざ,throw-technique,projection-technique,sutemi-waza,捨身技,すてみわざ,sacrifice_body-technique,sacrifice_corps-technique,yoko-sutemi-waza,横捨身技,よこすてみわざ,side-sacrifice_body-technique,coté-sacrifice_corps-technique,uchi-makikomi,uchi-makikomi,,,,,,内巻込,うちまきこみ,,,https://youtu.be/_1eygIXLD_w,https://www.judo-ch.jp/english/dictionary/technique/nage/yoko/utimaki/image/img01.gif,https://www.judo-ch.jp/english/dictionary/technique/nage/yoko/utimaki/,
nage-waza,投技,なげわざ,throw-technique,projection-technique,sutemi-waza,捨身技,すてみわざ,sacrifice_body-technique,sacrifice_corps-technique,yoko-sutemi-waza,横捨身技,よこすてみわざ,side-sacrifice_body-technique,coté-sacrifice_corps-technique,uchi-mata-makikomi,uchi-mata-makikomi,,,,,,内股巻込,うちまたまきこみ,,,https://youtu.be/jZXENTLpJCI,https://www.judo-ch.jp/english/dictionary/technique/nage/yoko/utimatamaki/image/img01.gif,https://www.judo-ch.jp/english/dictionary/technique/nage/yoko/utimatamaki/,
nage-waza,投技,なげわざ,throw-technique,projection-technique,sutemi-waza,捨身技,すてみわざ,sacrifice_body-technique,sacrifice_corps-technique,yoko-sutemi-waza,横捨身技,よこすてみわざ,side-sacrifice_body-technique,coté-sacrifice_corps-technique,uki-waza,uki-waza,,,,uki-waza,uki-waza,浮技,うきわざ,,,https://youtu.be/weVOpJ63gII,https://www.judo-ch.jp/english/dictionary/technique/nage/yoko/ukiwaza/image/img01.gif,https://www.judo-ch.jp/english/dictionary/technique/nage/yoko/ukiwaza/,
nage-waza,投技,なげわざ,throw-technique,projection-technique,sutemi-waza,捨身技,すてみわざ,sacrifice_body-technique,sacrifice_corps-technique,yoko-sutemi-waza,横捨身技,よこすてみわざ,side-sacrifice_body-technique,coté-sacrifice_corps-technique,yoko-gake,yoko-gake,,,,yoko-gake,yoko-gake,横掛,よこがけ,,,https://youtu.be/tP1Sj1uDfSo,https://www.judo-ch.jp/english/dictionary/technique/nage/yoko/yokogake/image/img01.gif,https://www.judo-ch.jp/english/dictionary/technique/nage/yoko/yokogake/,
nage-waza,投技,なげわざ,throw-technique,projection-technique,sutemi-waza,捨身技,すてみわざ,sacrifice_body-technique,sacrifice_corps-technique,yoko-sutemi-waza,横捨身技,よこすてみわざ,side-sacrifice_body-technique,coté-sacrifice_corps-technique,yoko-guruma,yoko-guruma,,,yoko-guruma,yoko-guruma,yoko-guruma,横車,よこぐるま,,,https://youtu.be/MehP6I5cY2c,https://www.judo-ch.jp/english/dictionary/technique/nage/yoko/yokoguruma/image/img01.gif,https://www.judo-ch.jp/english/dictionary/technique/nage/yoko/yokoguruma/,
nage-waza,投技,なげわざ,throw-technique,projection-technique,sutemi-waza,捨身技,すてみわざ,sacrifice_body-technique,sacrifice_corps-technique,yoko-sutemi-waza,横捨身技,よこすてみわざ,side-sacrifice_body-technique,coté-sacrifice_corps-technique,yoko-otoshi,yoko-otoshi,,,,,yoko-otoshi,横落,よこおとし,,,https://youtu.be/MnNG67pF_a0,https://www.judo-ch.jp/english/dictionary/technique/nage/yoko/yokootosi/image/img01.gif,https://www.judo-ch.jp/english/dictionary/technique/nage/yoko/yokootosi/,
nage-waza,投技,なげわざ,throw-technique,projection-technique,sutemi-waza,捨身技,すてみわざ,sacrifice_body-technique,sacrifice_corps-technique,yoko-sutemi-waza,横捨身技,よこすてみわざ,side-sacrifice_body-technique,coté-sacrifice_corps-technique,yoko-wakare,yoko-wakare,,,,,yoko-wakare,横分,よこわかれ,,,https://youtu.be/bp1tscHlePI,https://www.judo-ch.jp/english/dictionary/technique/nage/yoko/yokowakare/image/img01.gif,https://www.judo-ch.jp/english/dictionary/technique/nage/yoko/yokowakare/,
katame-waza,固技,かためわざ,fixing-technique,fixation-technique,osaekomi-waza,抑込技,おさえこみわざ,seal_in_bulk-technique,scellement_massif-technique,,,,,,hon-gesa-gatame,hon-gesa-gatame,,,hon-gesa-gatame,hon-gesa-gatame,hon-gesa-gatame,本袈裟固,けさがため,,,https://www.youtube.com/watch?v=NDaQuJOFBYk,https://www.judo-ch.jp/english/dictionary/technique/katame/osae/kesa/image/img01.gif,https://www.judo-ch.jp/english/dictionary/technique/katame/osae/kesa/,
katame-waza,固技,かためわざ,fixing-technique,fixation-technique,osaekomi-waza,抑込技,おさえこみわざ,seal_in_bulk-technique,scellement_massif-technique,,,,,,kami-shiho-gatame,kami-shiho-gatame,,,kami-shiho-gatame,kami-shiho-gatame,kami-shiho-gatame,上四方固,かみしほうがため,,,https://youtu.be/HFuMjOv0WN8,https://www.judo-ch.jp/english/dictionary/technique/katame/osae/kamisihou/image/img01.gif,https://www.judo-ch.jp/english/dictionary/technique/katame/osae/kamisihou/,
katame-waza,固技,かためわざ,fixing-technique,fixation-technique,osaekomi-waza,抑込技,おさえこみわざ,seal_in_bulk-technique,scellement_massif-technique,,,,,,kata-gatame,kata-gatame,,,kata-gatame,kata-gatame,kata-gatame,肩固,かたがため,,,https://youtu.be/zQR3IOXxO_Q,https://www.judo-ch.jp/english/dictionary/technique/katame/osae/kata/image/img01.gif,https://www.judo-ch.jp/english/dictionary/technique/katame/osae/kata/,
katame-waza,固技,かためわざ,fixing-technique,fixation-technique,osaekomi-waza,抑込技,おさえこみわざ,seal_in_bulk-technique,scellement_massif-technique,,,,,,kesa-gatame,kuzure-gesa-gatame,,,kuzure-gesa-gatame,kuzure-gesa-gatame,kuzure-gesa-gatame,崩袈裟固,くずれけさがため,,,https://youtu.be/Q2fb9jaoUFQ,https://www.judo-ch.jp/english/dictionary/technique/katame/osae/kuzurekesa/image/img01.gif,https://www.judo-ch.jp/english/dictionary/technique/katame/osae/kuzurekesa/,
katame-waza,固技,かためわざ,fixing-technique,fixation-technique,osaekomi-waza,抑込技,おさえこみわざ,seal_in_bulk-technique,scellement_massif-technique,,,,,,kuzure-gesa-gatame,kuzure-kami-shiho-gatame,,,kuzure-kami-shiho-gatame,kuzure-kami-shiho-gatame,kuzure-kami-shiho-gatame,崩上四方固,くずれかみしほうがため,,,https://youtu.be/YUrogQWdwiY,https://www.judo-ch.jp/english/dictionary/technique/katame/osae/kuzurekami/image/img01.gif,https://www.judo-ch.jp/english/dictionary/technique/katame/osae/kuzurekami/,
katame-waza,固技,かためわざ,fixing-technique,fixation-technique,osaekomi-waza,抑込技,おさえこみわざ,seal_in_bulk-technique,scellement_massif-technique,,,,,,kuzure-kami-shiho-gatame,kuzure-tate-shiho-gatame,,,,kuzure-tate-shiho-gatame,kuzure-tate-shiho-gatame,崩縦四方固,くずれたてしほうがため,,,https://youtu.be/55-rFmBx53g,https://www.judo-tao.com/gokyo/KATAME-WAZA/OSAE-KOMI-WAZA/KUZURE-TATE-SHIHO-GATAME.htm,,
katame-waza,固技,かためわざ,fixing-technique,fixation-technique,osaekomi-waza,抑込技,おさえこみわざ,seal_in_bulk-technique,scellement_massif-technique,,,,,,kuzure-yoko-shiho-gatame,kuzure-yoko-shiho-gatame,,,,kuzure-yoko-shiho-gatame,kuzure-yoko-shiho-gatame,崩横四方固,くずれよこしほうがため,,,,,,
katame-waza,固技,かためわざ,fixing-technique,fixation-technique,osaekomi-waza,抑込技,おさえこみわざ,seal_in_bulk-technique,scellement_massif-technique,,,,,,tate-shiho-gatame,tate-shiho-gatame,,,tate-shiho-gatame,tate-shiho-gatame,tate-shiho-gatame,縦四方固,たてしほうがため,,,,https://www.judopourtous.com/Images/NeKuzureTateShihoGatame4.gif,,
katame-waza,固技,かためわざ,fixing-technique,fixation-technique,osaekomi-waza,抑込技,おさえこみわざ,seal_in_bulk-technique,scellement_massif-technique,,,,,,ushiro-kesa-gatame,ushiro-kesa-gatame,,,ushiro-kesa-gatame,ushiro-kesa-gatame,ushiro-kesa-gatame,後袈裟固,うしろけさがため,,,https://youtu.be/SBapox2M2dE,,,
katame-waza,固技,かためわざ,fixing-technique,fixation-technique,osaekomi-waza,抑込技,おさえこみわざ,seal_in_bulk-technique,scellement_massif-technique,,,,,,yoko-shiho-gatame,yoko-shiho-gatame,,,yoko-shiho-gatame,yoko-shiho-gatame,yoko-shiho-gatame,横四方固,よこしほうがため,,,https://youtu.be/TT7XJVSEQxA,,,
katame-waza,固技,かためわざ,fixing-technique,fixation-technique,osaekomi-waza,抑込技,おさえこみわざ,seal_in_bulk-technique,scellement_massif-technique,,,,,,makura-gesa-gatame,makura-gesa-gatame,,,makura-gesa-gatame,makura-gesa-gatame,makura-gesa-gatame,枕袈裟固,まくらけさがため,-draped_over_one shoulder-,,https://www.youtube.com/watch?v=e5HrhANfDcU,https://commons.wikimedia.org/wiki/File:Makura-kesa-gatame.gif?uselang=fr,,
katame-waza,固技,かためわざ,fixing-technique,fixation-technique,shime-waza,絞技,しめわざ,strangle-technique,etranglement-technique,,,,,,ashi-gatame-jime,ashi-gatame-jime,,,,ashi-gatame-jime,ashi-gatame-jime,脚固十字,,,,,,,
katame-waza,固技,かためわざ,fixing-technique,fixation-technique,shime-waza,絞技,しめわざ,strangle-technique,etranglement-technique,,,,,,gyaku-juji-jime,gyaku-juji-jime,,,gyaku-juji-jime,gyaku-juji-jime,gyaku-juji-jime,逆十字絞,ぎゃくじゅうじじめ,,,https://youtu.be/t3tQriIPdlI,https://www.judo-ch.jp/english/dictionary/technique/katame/sime/gyaku/image/img01.gif,https://www.judo-ch.jp/english/dictionary/technique/katame/sime/gyaku/,
katame-waza,固技,かためわざ,fixing-technique,fixation-technique,shime-waza,絞技,しめわざ,strangle-technique,etranglement-technique,,,,,,hadaka-jime,hadaka-jime,,,hadaka-jime,hadaka-jime,hadaka-jime,裸絞,はだかじめ,,,https://youtu.be/9f0n8jez7iA,https://www.judo-ch.jp/english/dictionary/technique/katame/sime/hadaka/image/img01.gif,https://www.judo-ch.jp/english/dictionary/technique/katame/sime/hadaka/,
katame-waza,固技,かためわざ,fixing-technique,fixation-technique,shime-waza,絞技,しめわざ,strangle-technique,etranglement-technique,,,,,,kata-ha-jime,kata-ha-jime,,,kata-ha-jime,kata-ha-jime,kata-ha-jime,片羽絞,かたはじめ,,,https://www.youtube.com/watch?v=yaTGgRjnwB8,https://www.judo-ch.jp/english/dictionary/technique/katame/sime/kataha/image/img01.gif,https://www.judo-ch.jp/english/dictionary/technique/katame/sime/kataha/,
katame-waza,固技,かためわざ,fixing-technique,fixation-technique,shime-waza,絞技,しめわざ,strangle-technique,etranglement-technique,,,,,,kata-juji-jime,kata-juji-jime,,,kata-juji-jime,kata-juji-jime,kata-juji-jime,片十字絞,かたじゅうじじめ,,,https://youtu.be/3VZVUAmiMD8,https://www.judo-ch.jp/english/dictionary/technique/katame/sime/kata/,https://www.judo-ch.jp/english/dictionary/technique/katame/sime/kata/,
katame-waza,固技,かためわざ,fixing-technique,fixation-technique,shime-waza,絞技,しめわざ,strangle-technique,etranglement-technique,,,,,,kata-te-jime,kata-te-jime,,,kata-te-jime,kata-te-jime,kata-te-jime,片手絞,かたてじめ,,,https://youtu.be/cHeIs-fSqwE,https://www.judo-ch.jp/english/dictionary/technique/katame/sime/katate/image/img01.gif,https://www.judo-ch.jp/english/dictionary/technique/katame/sime/katate/,
katame-waza,固技,かためわざ,fixing-technique,fixation-technique,shime-waza,絞技,しめわざ,strangle-technique,etranglement-technique,,,,,,morote-jime,morote-jime,,,,morote-jime,morote-jime,諸手絞,もろてじめ,,,,,,
katame-waza,固技,かためわざ,fixing-technique,fixation-technique,shime-waza,絞技,しめわざ,strangle-technique,etranglement-technique,,,,,,nami-juji-jime,nami-juji-jime,,,nami-juji-jime,nami-juji-jime,nami-juji-jime,並十字絞,なみじゅうじじめ,,,https://youtu.be/k2cHry9HByQ,https://www.judo-ch.jp/english/dictionary/technique/katame/sime/nami/image/img01.gif,https://www.judo-ch.jp/english/dictionary/technique/katame/sime/nami/,
katame-waza,固技,かためわざ,fixing-technique,fixation-technique,shime-waza,絞技,しめわざ,strangle-technique,etranglement-technique,,,,,,okuri-eri-jime,okuri-eri-jime,,,okuri-eri-jime,okuri-eri-jime,okuri-eri-jime,送襟絞,おくりえりじめ,,,https://youtu.be/EiqyoVcIAi8,https://www.judo-ch.jp/english/dictionary/technique/katame/sime/okurieri/image/img01.gif,https://www.judo-ch.jp/english/dictionary/technique/katame/sime/okurieri/,
katame-waza,固技,かためわざ,fixing-technique,fixation-technique,shime-waza,絞技,しめわざ,strangle-technique,etranglement-technique,,,,,,ryo-te-jime,ryo-te-jime,,,,,ryo-te-jime,両手絞,りょうてじめ,,,https://www.youtube.com/watch?v=-RHC4V7TQiY,https://www.judo-ch.jp/english/dictionary/technique/katame/sime/ryoute/image/img01.gif,https://www.judo-ch.jp/english/dictionary/technique/katame/sime/ryoute/,
katame-waza,固技,かためわざ,fixing-technique,fixation-technique,shime-waza,絞技,しめわざ,strangle-technique,etranglement-technique,,,,,,sankaku-jime,sankaku-jime,,,sankaku-jime,sankaku-jime,sankaku-jime,三角絞,さんかくじめ,,,https://youtu.be/lq1CUBRAm7s,https://www.judo-ch.jp/english/dictionary/technique/katame/sime/sankaku/image/img01.gif,https://www.judo-ch.jp/english/dictionary/technique/katame/sime/sankaku/,
katame-waza,固技,かためわざ,fixing-technique,fixation-technique,shime-waza,絞技,しめわざ,strangle-technique,etranglement-technique,,,,,,sode-guruma-jime,sode-guruma-jime,,,,sode-guruma-jime ,sode-guruma-jime,袖車絞,そでぐるまじめ,,,https://youtu.be/E3nvQzClcAU,https://www.judo-ch.jp/english/dictionary/technique/katame/sime/sodeguruma/image/img01.gif,https://www.judo-ch.jp/english/dictionary/technique/katame/sime/sodeguruma/,
katame-waza,固技,かためわざ,fixing-technique,fixation-technique,shime-waza,絞技,しめわざ,strangle-technique,etranglement-technique,,,,,,tsukkomi-jime,tsukkomi-jime,,,,,tsukkomi-jime,突込絞,つっこみじめ,,,https://youtu.be/dKKpnD3eLcY,https://www.judo-ch.jp/english/dictionary/technique/katame/sime/tukkomi/image/img01.gif,https://www.judo-ch.jp/english/dictionary/technique/katame/sime/tukkomi/,
katame-waza,固技,かためわざ,fixing-technique,fixation-technique,kansetsu-waza,関節技,かんせつわざ,involve_joint-technique,implication_articulation-technique,,,,,,ude-hishigi-ashi-gatame,ude-hishigi-ashi-gatame,,,,ude-hishigi-ashi-gatame,ude-hishigi-ashi-gatame,腕挫脚固,うでひしぎあしがため,,,https://youtu.be/ClY7g_pX-4s,https://www.judo-ch.jp/english/dictionary/technique/katame/kansetu/udeasi/image/img01.gif,https://www.judo-ch.jp/english/dictionary/technique/katame/kansetu/udeasi/,
katame-waza,固技,かためわざ,fixing-technique,fixation-technique,kansetsu-waza,関節技,かんせつわざ,involve_joint-technique,implication_articulation-technique,,,,,,ude-hishigi-hara-gatame,ude-hishigi-hara-gatame,,,ude-hishigi-hara-gatame,ude-hishigi-hara-gatame,ude-hishigi-hara-gatame,腕挫腹固,うでひしぎはらがため,,,https://youtu.be/ZzEycg8R_9M,https://www.judo-ch.jp/english/dictionary/technique/katame/kansetu/udehara/image/img01.gif,https://www.judo-ch.jp/english/dictionary/technique/katame/kansetu/udehara/,
katame-waza,固技,かためわざ,fixing-technique,fixation-technique,kansetsu-waza,関節技,かんせつわざ,involve_joint-technique,implication_articulation-technique,,,,,,ude-hishigi-hiza-gatame,ude-hishigi-hiza-gatame,,,ude-hishigi-hiza-gatame,ude-hishigi-hiza-gatame,ude-hishigi-hiza-gatame,腕挫膝固,うでひしぎひざがため,,,https://youtu.be/H2HtAJdiJcE,https://www.judo-ch.jp/english/dictionary/technique/katame/kansetu/udehara/image/img01.gif,https://www.judo-ch.jp/english/dictionary/technique/katame/kansetu/udehiza/,
katame-waza,固技,かためわざ,fixing-technique,fixation-technique,kansetsu-waza,関節技,かんせつわざ,involve_joint-technique,implication_articulation-technique,,,,,,ude-hishigi-juji-gatame,ude-hishigi-juji-gatame,,,ude-hishigi-juji-gatame,ude-hishigi-juji-gatame,ude-hishigi-juji-gatame,腕挫十字固,うでひしぎじゅうじがため,,,https://youtu.be/OWgSOlCuMXw,https://www.judo-ch.jp/english/dictionary/technique/katame/kansetu/udejyuji/image/img01.gif,https://www.judo-ch.jp/english/dictionary/technique/katame/kansetu/udejyuji/,
katame-waza,固技,かためわざ,fixing-technique,fixation-technique,kansetsu-waza,関節技,かんせつわざ,involve_joint-technique,implication_articulation-technique,,,,,,ude-hishigi-sankaku-gatame,ude-hishigi-sankaku-gatame,,,,ude-hishigi-sankaku-gatame,ude-hishigi-sankaku-gatame,腕挫三角固,うでひしぎさんかくがため,,,https://youtu.be/WefAmW4azhk,https://www.judo-ch.jp/english/dictionary/technique/katame/kansetu/udesankakku/image/img01.gif,https://www.judo-ch.jp/english/dictionary/technique/katame/kansetu/udesankakku/,
katame-waza,固技,かためわざ,fixing-technique,fixation-technique,kansetsu-waza,関節技,かんせつわざ,involve_joint-technique,implication_articulation-technique,,,,,,ude-hishigi-ude-gatame,ude-hishigi-ude-gatame,,,ude-hishigi-ude-gatame,ude-hishigi-ude-gatame,ude-hishigi-ude-gatame,腕挫腕固,うでひしぎうでがため,,,https://youtu.be/SBf0aTma1VI,https://www.judo-ch.jp/english/dictionary/technique/katame/kansetu/udeude/image/img01.gif,https://www.judo-ch.jp/english/dictionary/technique/katame/kansetu/udeude/,
katame-waza,固技,かためわざ,fixing-technique,fixation-technique,kansetsu-waza,関節技,かんせつわざ,involve_joint-technique,implication_articulation-technique,,,,,,ude-hishigi-waki-gatame,ude-hishigi-waki-gatame,,,ude-hishigi-waki-gatame,ude-hishigi-waki-gatame,ude-hishigi-waki-gatame,腕挫腋固,うでひしぎわきがため,,,https://youtu.be/8F5p1zuJRG0,https://www.judo-ch.jp/english/dictionary/technique/katame/kansetu/udewaki/image/img01.gif,https://www.judo-ch.jp/english/dictionary/technique/katame/kansetu/udewaki/,
katame-waza,固技,かためわざ,fixing-technique,fixation-technique,kansetsu-waza,関節技,かんせつわざ,involve_joint-technique,implication_articulation-technique,,,,,,ude-garami,ude-garami,,,ude-garami,ude-garami,ude-garami,腕緘,うでがらみ,,,https://youtu.be/AIlTvZb4RlE,https://www.judo-ch.jp/english/dictionary/technique/katame/kansetu/udegarami/image/img01.gif,https://www.judo-ch.jp/english/dictionary/technique/katame/kansetu/udegarami/,
,,,,,,,,,,,,,,,,,,,,,,,,,,,,,
,,,,,,,,,,,,,,,,,,,,,,,,,,,,,
,,,,,
